neurons,dropout
130.33219980387577,0.16861788328919536
